<?xml version="1.0" encoding="UTF-8"?>
<!DOCTYPE struts PUBLIC
	"-//Apache Software Foundation//DTD Struts Configuration 2.3//EN"
	"http://struts.apache.org/dtds/struts-2.3.dtd">
<struts>
<package name="z-board" namespace="/" extends="struts-default">

	<!-- ===============board=============== -->
	<!-- list page link -->
	<action name="blist" class="action_board.BoardAction">
		<result>/boardlist.jsp</result>
	</action>
	
	<!-- write page link -->
	<action name="bwrite" class="action_board.BoardWriteEnterAction">
		<result>/boardwrite.jsp</result>
	</action>
	<!-- write -->
	<action name="bwriteinsert" class="action_board.BoardInsertAction">
		<result type="redirectAction">
			<param name="actionName">blist</param>
			<param name="boardcode">${vo.boardcode}</param>
		</result>
	</action>
	
	<!-- detail page link -->
	<action name="bdetail" class="action_board.BoardDetailAction">
		<result>/boarddetail.jsp</result>
	</action>
	
	<!-- update page link -->
	<action name="bupdateinfo" class="action_board.BoardDetailAction">
		<result>/boardupdate.jsp</result>
	</action>
	<!-- update -->
	<action name="bupdate" class="action_board.BoardUpdateAction">
		<result type="redirectAction">
			<param name="actionName">bdetail</param>
			<param name="boardno">${vo.boardno}</param>
		</result>
	</action>
	
	<!-- delete -->
	<action name="bdelete" class="action_board.BoardDeleteAction">
		<result type="redirectAction">
			<param name="actionName">blist</param>
			<param name="boardcode">${vo.boardcode}</param>
		</result>
	</action>
	
	<!-- comment write -->
	<action name="bcomm" class="action_board.CommentInsertAction">
		<result type="redirectAction">
			<param name="actionName">bdetail</param>
			<param name="boardno">${boardno}</param>
		</result>
	</action>
   	<!-- ===============board=============== -->

</package>
</struts>