<?xml version="1.0" encoding="UTF-8"?>
<!DOCTYPE mapper
    PUBLIC "-//mybatis.org//DTD Mapper 3.0//EN"
    "http://mybatis.org/dtd/mybatis-3-mapper.dtd">
<mapper namespace="animal"> <!-- avo -->
	<insert id="insertanimal" parameterType="avo">
		insert into animal values(animal_seq.nextVal, #{animalspecies},#{animalbreed},
		#{animalname},#{animalage},#{animalsex},#{animalsize},#{animalweight},#{animalfeature},#{animalregion},sysdate,#{animalimg})
		
	</insert>
	
	<select id="listanimal" parameterType="pvo" resultType="avo">
		select * from (select rownum r_num, a.* from (
		select * from animal order by animalno desc
		) a
		)where r_num between #{start} and #{end}
	</select>
	
	<select id="gettotalcnt" resultType="int">
		select count(*) cnt from animal
	</select>
	
	<select id="getdetail" parameterType="int" resultType="avo">
		select * from animal where animalno=#{animalno}
	</select>
	
	<select id="getseq" resultType="int">
		select max(animalno) from animal
	</select>
	
	<select id="getdetailb" parameterType="int" resultType="bvo">
		select * from board where animalno=#{animalno}
	</select> 
	
	<update id="hit" parameterType="int">
    	update board set boardhit=boardhit+1 where animalno=#{animalno}
    </update>
	
</mapper>