<?xml version="1.0" encoding="UTF-8"?>
<!DOCTYPE struts PUBLIC
	"-//Apache Software Foundation//DTD Struts Configuration 2.3//EN"
	"http://struts.apache.org/dtds/struts-2.3.dtd">
<struts>
<package name="z-img" namespace="/" extends="struts-default">

<action name="imgwrite">
	<result>/imgwrite.jsp</result>
</action>

<action name="animalboardwrite">
	<result>/animalboardwrite.jsp</result>
</action>

<action name="uploadres" class="action_img.UploadAction">
	<result type="redirectAction">
		<param name="actionName">ib</param>
	</result>
</action>

<action name="ib" class="action_img.imgListAction">
	<result>/ib.jsp</result>
</action>

<action name="comminsertimg" class="action_board.CommentInsertAction">
		<result type="redirectAction">
			<param name="actionName">imgdetail</param>
			<param name="animalno">${animalno}</param>
		</result>
</action>

<!-- <action name="commIn" class="action.CommInAction">
	<result type="redirectAction">
		<param name="actionName">view</param>
		<param name="no">${no}</param>
	</result>
</action> -->

<action name="imgdetail" class="action_img.imgDetailAction">
	<result>/imgboarddetail.jsp</result>
</action>



</package>
</struts>