<?xml version="1.0" encoding="UTF-8"?>
<!DOCTYPE struts PUBLIC
	"-//Apache Software Foundation//DTD Struts Configuration 2.3//EN"
	"http://struts.apache.org/dtds/struts-2.3.dtd">
<struts>
<package name="x_adopt" namespace="/" extends="struts-default">

 	<!-- 봉시신청 정보 불러오기 --> 
	<action name="applyForm" class="action_adopt.Adopt_id_age_Action">
		<result>/applyForm.jsp</result>
	</action>
	
	<!-- 봉사신청-->
<!-- 	<action name="applyForm"> -->
<!-- 		<result>/applyForm.jsp</result> -->
<!-- 	</action> -->
	
	<action name="adopt">
		<result>/adopttest.jsp</result>
	</action>
	
	
	<!-- 봉사신청값넣기 -->
	<action name="apply" class="action_adopt.AdoptInsertAction">
		<result type="redirectAction">
			<param name="actionName">/board</param>
		</result>
	</action>

	
	
</package>
</struts>